"Apellido Paterno","Apellido Materno","Nombres","Grado"
"AGUILAR","PICHILINGUE","RODRIGO ENMANUEL","1er grado"
"AGUIRRE","AVALOS","NICOLAS DEL PIERO","1er grado"
"ALEGRE","CIRIACO","BRIAN IKER","1er grado"
"ALZAMORA","ZAVALETA","LIAM SMITH","1er grado"
"AÑAZCO","CHUNGA","JELITZA JARITZA INDIRA","1er grado"
"AÑAZCO","CHUNGA","JURIKO JERITZA JULIET","1er grado"
"ARANA","RUIZ","STEFANO VALENTINO","1er grado"
"ARELLANO","MARIN","JOSE ANTONIO","1er grado"
"ARNICA","UCEDA","NADJA ANGLIN","1er grado"
"ASPIROS","CABANILLAS","MAYRA STEFANY","1er grado"
"BALQUI","CHIROQUE","IAN GAEL","1er grado"
"BARRON","HURTADO","FRANCO AARON","1er grado"
"BENITES","CASTRO","MÍA SUSÚ ALESSIA","1er grado"
"BLAS","VILLANUEVA","DYLAN","1er grado"
"CABALLERO","CALDERÓN","JAANAI LUNA","1er grado"
"CALDERON","VELASQUEZ","DOMENIKA VICTORIA","1er grado"
"CANCHIS","NAVARRETE","YAREZZI YUSDEY","1er grado"
"CANO","CORCUERA","DANNA NIJHAN DENNIZ","1er grado"
"CARRION","CALLEJAS","NEYMARI ISABELLA","1er grado"
"CASTILLO","BUSTOS","PIERINA CATTALEYA","1er grado"
"CERDAN","PONTE","LUCAS ADRIANO","1er grado"
"CERNA","PAREDES","IANNA KATALINA","1er grado"
"CHAUCA","ANDRADE","ESTRELLA MILAGROS","1er grado"
"CONTRERAS","CESPEDES","GENESIS EYPRIL SAMHARA","1er grado"
"CORAL","GARCIA","BARISS ANTONIO","1er grado"
"CUBA","TEJEDA","MANUEL VALENTINO","1er grado"
"DE LA CRUZ","SÁNCHEZ","ADRIÁN MATEO","1er grado"
"DIESTRA","CASTILLO","ABDIEL SEBASTIAN","1er grado"
"ESCOBEDO","JARA","GAELA VALESKA","1er grado"
"ESPINOZA","QUIÑONES","JOSÉ MATHÍAS","1er grado"
"ESTRADA","GUTIERREZ","KAORI AITANA","1er grado"
"FELIPA","MINCHOLA","THIAGO ALESSANDRO","1er grado"
"FLORES","VALDEZ","GENESIS VALERIA","1er grado"
"FLORES","VALVERDE","MATTEO EYAL EMILIANO","1er grado"
"FLORES","VILLAFANA","JHONATAN MATEO","1er grado"
"GALAN","OLIVOS","LUCIANA ISABEL DAMARIS","1er grado"
"GARCIA","DE LA CRUZ","GENESIS ARLETTE","1er grado"
"GOMERO","RONCALES","ALESSIA YAMILE","1er grado"
"GONZALES","RONDO","KEILY NATHANIEL","1er grado"
"GUERRERO","PEREZ","YAMILET MILAGROS","1er grado"
"HARO","SEGURA","AMIRA ISABELLA","1er grado"
"HERRERA","CHAVEZ","AMILKER MAURICIO","1er grado"
"HERRERA","PONCE","ADRIAN FARID","1er grado"
"HUAMAN","RAMIREZ","RODRIGO DEL PIERO PEDRO","1er grado"
"HUIÑAC","PATRICIO","SANTIAGO BRAYAN","1er grado"
"IBAÑEZ","LLAYA","EMILY DASHA","1er grado"
"INCISO","ABANTO","JEAN MATEO","1er grado"
"LI","MEZARINA","JESUS GABRIEL","1er grado"
"LLACSAHUANGA","FLORES","ELIAN YAEL","1er grado"
"LLERENA","CARBAJAL","LIHAM AUSAIN","1er grado"
"LLONTOP","PEREDA","CÉSAR EDUARDO","1er grado"
"LOPEZ","PEREZ","ZARA VICTORIA","1er grado"
"LOYOLA","RISCO","SOFIA JANET","1er grado"
"LUCIO","ROQUE","MATÍAS SMITH","1er grado"
"MACHACA","GOMEZ","DANITZA ISABEL","1er grado"
"MARQUINA","YALLICO","ZOE VALENTINA","1er grado"
"MENDEZ","TICONA","JOAN GARETH","1er grado"
"MENDOZA","REYES","PAOLO ANTONIO","1er grado"
"MENDOZA","SÁNCHEZ","DIEGO FABRIZIO","1er grado"
"MEZA","LOPEZ","ALESSIA MAYTE","1er grado"
"MOLINA","LOPEZ","ANNY KARELY","1er grado"
"MORENO","BARDALES","MATHIAS ADRIEL","1er grado"
"NAVARRO","ARANA","IAN IAZAEL","1er grado"
"NECIOSUP","MELGAREJO","DAINA MILIANA","1er grado"
"NEIRA","DOMINGUEZ","JUAN OCTAVIO","1er grado"
"NEYRA","ORBEGOZO","JADE ISABELLA","1er grado"
"NINAQUISPE","CORAL","MIA SOPHIA","1er grado"
"OBREGON","PAJUELO","GAEL YEM","1er grado"
"OLIVO","SAAVEDRA","ANGEL AURELIO","1er grado"
"OLORTEGUI","MARIÑOS","VICTOR ABDIEL","1er grado"
"OSORIO","AGUILAR","MATHIAS RAFAEL","1er grado"
"PANTOJA","CAMILOAGA","SAMANTHA ABIGAÍL","1er grado"
"PAROY","LARA","ALESSIA VALENTINA","1er grado"
"PEREDA","MENDIETA","FABIAN ALESSANDRO","1er grado"
"PEREZ","CHICLAYO","DANIEL ALEXANDER","1er grado"
"POLICIO","LOPEZ","JESSICA VALERIA","1er grado"
"POLONIO","QUIROZ","NICOLAS EMILIANO","1er grado"
"PONTE","RAZA","RODRI GAEL","1er grado"
"QUEZADA","MIRANDA","MIKALL EUNICE SECIA","1er grado"
"QUISPE","ROMERO","JHORDANNY FABIANO","1er grado"
"RAMOS","DOMINGUEZ","ALESSIA YAMILET","1er grado"
"RAMOS","IBAÑEZ","MÍA VALENTINA","1er grado"
"REYES","CHUQUIMIGUEL","DANNY GABRIEL","1er grado"
"REYES","PAREDES","AMY RAFAELA","1er grado"
"REYES","REYES","ANGELA STEFANY","1er grado"
"RIVAS","MUGUERZA","LIAM GAEL","1er grado"
"RODRIGUEZ","AVILA","GAEL NADIR","1er grado"
"RODRIGUEZ","CASTAÑEDA","ABIGAIL XIMENA","1er grado"
"RODRIGUEZ","INGA","ALEXIA KARELY AYLEN","1er grado"
"RODRIGUEZ","MUÑOZ","RODRIGO EMILIANO","1er grado"
"ROMERO","HERRERA","DULCE MARÍA SILVIA","1er grado"
"ROMERO","MONTALVO","DARALY VALENTINA","1er grado"
"RONCAL","SANCHEZ","ELIAS HENDRICK GUILLERMO","1er grado"
"RUIZ","CORSO","SALVADOR EMANUEL","1er grado"
"SAGASTEGUI","ZAVALETA","BIANCA LUANA","1er grado"
"SALAZAR","SANCHEZ","EVANS RENATO","1er grado"
"SEBASTIAN","SIFUENTES","THIAGO GADIEL","1er grado"
"SIFUENTES","YRAITA","PABLO MATEO","1er grado"
"SORIA","VALLADARES","ALESSIA LUANA","1er grado"
"SOSA","MENDOZA","LUCAS ALEXANDER","1er grado"
"SOTO","BERNARDO","SOPHIA NATALY","1er grado"
"TOCTO","RAMOS","MARIANA","1er grado"
"TOMAS","PRINCIPE","LUANA NAYADA","1er grado"
"TORIBIO","FARRO","CHARLOTTE MARIAFE","1er grado"
"VALERA","OCAÑA","JOSE ADRIAN","1er grado"
"VALLADARES","CORAL","ARIANA MILAGROS","1er grado"
"VALLAGARES","VASQUEZ","ELIEL NATANAEL","1er grado"
"VALVERDE","SANCHEZ","MARLENY ZUSSEL","1er grado"
"VASQUEZ","DE LA CRUZ","ENZO GIANFRANCO","1er grado"
"VEGA","BOLO","JANPIER","1er grado"
"VELASQUEZ","CASTAÑEDA","ASHLEY MADISON","1er grado"
"VERAMENDI","OYOLA","ZAID ALESSANDRO","1er grado"
"VILLAVICENCIO","GARCIA","SANTIAGO ALESSANDRO","1er grado"
"VIVIANO","VENEROS","DIANA CAROLINA","1er grado"
"ZAVALA","RODRIGUEZ","ENRIQUE CAMIL","1er grado"